山东大学Dr.Cats合唱团举行“百年回响·以梦为声”主题音乐会,https://k.sina.com.cn/article_3057540037_b63e5bc50200164ff.html,海外网,2021-05-24,"新闻.专栏.邮箱.移动客户端.新浪博客.我的收藏.我的新浪.我的微博.我的博客.我的邮箱.我的导航.退出.×.换个账号登录.×.立即注册.新浪网.海外网.缩小字体.放大字体.腾讯QQ.QQ空间.山东大学.医学生.权利保护声明页/NoticetoRightHolders.我要反馈.1.2.表情.用户6589760619.退出.发布.刷新.131509的小猪头.举报.回复.刷新.131509的小猪头.举报.回复.查看全部.相关新闻
.投资热点尽在新浪财经APP>.饭圈阴谋：没钱别提爱，白嫖不算粉.环时锐评:鸿蒙OS2面世整个中国必须打赢的共同战斗.广州新增15+5！4人打第一针疫苗后被感染.大象连夜进入昆明昆明市临近区域全面启动布防.云南野象群为何一路北上？人类干预如何才能奏效？专家解读.饭圈阴谋：没钱别提爱，白嫖不算粉.环时锐评:鸿蒙OS2面世整个中国必须打赢的共同战斗.广州新增15+5！4人打第一针疫苗后被感染.大象连夜进入昆明昆明市临近区域全面启动布防.云南野象群为何一路北上？人类干预如何才能奏效？专家解读.台媒：旅客持阳性证明飞厦门，台航空公司竟放行，同机2人确....长沙一律所因收费过低被警告处分：最低应收41万却仅收五千.重庆35岁教师救溺水儿童遇难朋友：他读大学时就救过落水的....德特里克堡和731部队的肮脏交易.环时锐评:鸿蒙OS2面世整个中国必须打赢的共同战斗.意大利单日新增6557例确诊病例，累计确诊破5万.韩媒曝全智贤与豪门丈夫离婚结婚九年育有两子.吴亦凡方起诉造谣者要求被告公开赔礼道歉.一天零一页｜孟美岐必须成熟的少女.ofo小黄车创始人戴威被限制消费....
					.
					.
					.
					.视频新闻.
					.
					.
					.
					.85花合影最现实！杨幂越混越好站C位.离开郭德纲的弟子过得怎样？.葡萄酒中的“Fynbos”是什么梗？.草莓芒果做成“透心凉”，清凉爽爆补充维C，成本超不过6块钱.一个实验完美诠释了孩子个性不同的原因.宝宝放屁臭、连环屁，这些屁里也藏着一些秘密.夏天吃肉不如吃瓜，拍一拍，拌一拌，清脆爽口，酸辣开胃，很好吃.
.
.
.
.
.新浪新闻意见反馈留言板.AboutSina.SINAEnglish.改版调查."
山东大学方辉：考古正向精细化、多学科融合的方向转变,https://k.sina.com.cn/article_6105713761_16bedcc6102000x1i7.html,红星新闻,2021-05-28,"新闻.专栏.邮箱.移动客户端.新浪博客.我的收藏.我的新浪.我的微博.我的博客.我的邮箱.我的导航.退出.×.换个账号登录.×.立即注册.新浪网.红星新闻.缩小字体.放大字体.腾讯QQ.QQ空间.文物.权利保护声明页/NoticetoRightHolders.我要反馈.0.0.表情.用户6589760619.退出.发布.刷新.刷新.更多精彩评论>>.相关新闻
.投资热点尽在新浪财经APP>.饭圈阴谋：没钱别提爱，白嫖不算粉.环时锐评:鸿蒙OS2面世整个中国必须打赢的共同战斗.广州新增15+5！4人打第一针疫苗后被感染.大象连夜进入昆明昆明市临近区域全面启动布防.云南野象群为何一路北上？人类干预如何才能奏效？专家解读.饭圈阴谋：没钱别提爱，白嫖不算粉.环时锐评:鸿蒙OS2面世整个中国必须打赢的共同战斗.广州新增15+5！4人打第一针疫苗后被感染.大象连夜进入昆明昆明市临近区域全面启动布防.云南野象群为何一路北上？人类干预如何才能奏效？专家解读.台媒：旅客持阳性证明飞厦门，台航空公司竟放行，同机2人确....长沙一律所因收费过低被警告处分：最低应收41万却仅收五千.重庆35岁教师救溺水儿童遇难朋友：他读大学时就救过落水的....德特里克堡和731部队的肮脏交易.环时锐评:鸿蒙OS2面世整个中国必须打赢的共同战斗.意大利单日新增6557例确诊病例，累计确诊破5万.韩媒曝全智贤与豪门丈夫离婚结婚九年育有两子.吴亦凡方起诉造谣者要求被告公开赔礼道歉.一天零一页｜孟美岐必须成熟的少女.ofo小黄车创始人戴威被限制消费....
					.
					.
					.
					.视频新闻.
					.
					.
					.
					.85花合影最现实！杨幂越混越好站C位.离开郭德纲的弟子过得怎样？.葡萄酒中的“Fynbos”是什么梗？.草莓芒果做成“透心凉”，清凉爽爆补充维C，成本超不过6块钱.一个实验完美诠释了孩子个性不同的原因.宝宝放屁臭、连环屁，这些屁里也藏着一些秘密.夏天吃肉不如吃瓜，拍一拍，拌一拌，清脆爽口，酸辣开胃，很好吃.
.
.
.
.
.新浪新闻意见反馈留言板.AboutSina.SINAEnglish.改版调查."
中国红十字基金会首个“英雄能量站”落户山东大学第二医院,https://finance.sina.com.cn/jjxw/2021-06-03/doc-ikqcfnaz8887484.shtml,澎湃新闻,2021-06-03,"新闻.专栏.邮箱.移动客户端.新浪博客.我的收藏.我的新浪.我的微博.我的博客.我的邮箱.我的导航.退出.×.换个账号登录.×.立即注册.缩小字体.放大字体.腾讯QQ.QQ空间.我要反馈.
						.
						.
						.
						.
						.
						.0.0.表情.用户6589760619.退出.发布.刷新.刷新.参谋涨：指数调整，洗盘还是风险？.更多精彩评论>>.上一页.下一页.最近访问.我的自选.华银电力.京东方Ａ.中兴通讯.东方财富.中远海控.调查报告：新中产调查第七年他们终于不想买房了.帮脸书、谷歌和亚马逊出头？美宣布对6国征收报复性关税.国务院力推“放管服”改革破解市场主体痛点难点.鸿蒙，并不重要.超级周期又来！大宗商品市场再度升温机构：可能持续5-10年.调控政策发威：深圳二手房网签量腰斩有中介快两个月都没开单.拉横幅维权，理想老车主愤怒了！称理想“割韭菜”欺诈销售.“中国版操作系统”来了！华为“鸿蒙系”浮出，手机友商将如何站队.“黑老大”张伟获刑，中科创百亿金融帝国坍塌.银保监会首次明确将追缴P2P代言费黄晓明、范冰冰等曾“站台”.港股印花税大涨30%向散户开刀？2.2万亿资金涌入牛市来了？.越南股市竟涨到“瘫痪”？交易所紧急休市疫情恶化股市却牛冠亚太.超级周期又来大宗商品市场再度升温机构：可能持续5-10年.中国男子在日免税购物1.4亿日元被认定倒卖追税1400万日元.鸿蒙来了！华为正式发布HarmonyOS2图解产业链个股名单.一夜3公司宣布退市:涉及10万股东更有罕见“恢复上市申请被否”.6月3日操盘必读：影响股市利好与利空消息.两次上市失败，败光20亿身家后破产，谭鱼头创始人再创业.A股成交又破万亿、超80只股票涨停这一板块被多家券商看好.富时最新调仓名单出炉多家券商曝光下半年资产配置策略.明星们要哭了？银保监会重磅定调：这笔钱得还.银行员工的收入变化过程，哈哈哈哈哈哈。。。.买了虚拟币却卖不出去央视揭秘“百倍币”骗局.新盘去化攀新高重庆楼市悄然升温.不要被蚂蚁集团的大数据骗了.广州违规炒房再遭严打业内：银行信贷资金违规流入楼市的锅让小贷来背.广深严控“类金融”违规流入楼市融资担保、小贷公司过桥赎楼业务被禁.儿子挪用母亲200万存款炒股还伪造250万存单.江苏银行半年遭遇14次处罚依靠花呗们发放个人消费贷款.支付清算协会约谈7家机构年内16家被“退群”.7X24小时.徐小明.凯恩斯.占豪.花荣.金鼎.wu2198.丁大卫.易宪容.叶荣添.沙黾农.冯矿伟.趋势之友.空空道人.股市风云.股海光头.
			.付一夫.碳中和跟你有多大关系？.徐小庆.货币政策没有收紧必要.老艾.30倍牛股倒下，牛还在吗？.姜伯静.在线教育发展思路要彻底改变.董登新.托幼成本正向养老成本转嫁.交易提示.操盘必读.证券报.最新公告.限售解禁.数据中心.条件选股.券商评级.股价预测.板块行情.千股千评.个股诊断.大宗交易.财报查询.业绩预告.ETF期权.类余额宝.基金净值.基金对比.基金排名.商品行情.外盘期货.商品持仓.现货报价.CFTC持仓.期指行情.期指持仓.期指研究.行业指数.权重股票.期货名人.专家坐堂.高清解盘.期货入门.各国国债.期市要闻.期货研究.机构评论.品种大全.外汇计算器.人民币牌价.中间价.美元指数.直盘行情.拆借利率.货币分析.机构观点.经济数据.专家坐堂.分析师圈.国债收益率.全球滚动.CFTC持仓.比特币.外汇计算器.黄金资讯.白银分析.实物金价.ETF持仓.黄金TD.白银TD.金银币.专家坐堂.基础知识.现货黄金.现货白银.现货铂金.现货钯金.高清解盘.黄金吧.白银吧.黄金分析.CFTC持仓.
								叶檀
							.
								凯恩斯
							.
								曹中铭
							.
								股民大张
							.
								宇辉战舰
							.
								股市风云
							.
								余岳桐
							.
								股海战神
							.
								郭一鸣
							.
								赵力行
							.盛夏行情发出确定的信号.三种抢盘同时出现三日内要大突破.核心资产反弹大盘企稳核心热点低吸是王道.逼空已过折腾开始.阴线刷新回撤确认调整进行时.满仓做横盘因为蓄势股要大爆发了.生命线经受考验必须守住.18股股价昨日创历史新高.个股分化加大.3种构造低点的方法.高开低走中阴隐含机构做戏行为.一天蒸发600亿医美赛道还能跟吗.
								叶檀
							.
								凯恩斯
							.
								曹中铭
							.
								股民大张
							.
								宇辉战舰
							.
								股市风云
							.
								余岳桐
							.
								股海战神
							.
								郭一鸣
							.
								赵力行
							.盛夏行情发出确定的信号.三种抢盘同时出现三日内要大突破.核心资产反弹大盘企稳核心热点低吸是王道.逼空已过折腾开始.阴线刷新回撤确认调整进行时.满仓做横盘因为蓄势股要大爆发了.生命线经受考验必须守住.18股股价昨日创历史新高.个股分化加大.3种构造低点的方法.高开低走中阴隐含机构做戏行为.一天蒸发600亿医美赛道还能跟吗.
.董明珠还能为格力奋战多久？|《至少一个小时》.
.梁建章：中国人口衰竭的速度前所未有.
.冷友斌回应网友质疑：说价格高对飞鹤不公平！.
.王中军：我喜欢比较“江湖”一点的人.券商开户专属通道：新客专享理财福利多多.沙漠雄鹰8.好事多磨反复换手.常长亭.买阴卖涨就是指数窄幅震荡最佳技巧.美股赚到100万.明天是板是跌，很像是一场经典的非零和博弈，名为“囚徒困境”.深南百亿.创新高的碳中和总龙头顺控大帝被抛弃出货，直接带崩碳中和.混乱窝轮Jenny.这都是在这个市场中可能遇到的我们自己.Mard再死.接下来有连续20cm，今年翻倍没啥问题.阿海侦探.买自己完全了解的公司.团车网再度调低IPO募资额.君实生物赴港IPO:研发烧钱.苏州龙杰核心工艺将被淘汰.三只松鼠:IPO仍在排队中.IPO排队者:高新成通关密码.股市直播...........更多>.新浪财经意见反馈留言板.AboutSina.SINAEnglish."
山东大学：以校史传承讲活党史故事,https://k.sina.com.cn/article_1726918143_66eeadff020015dis.html,中国青年报,2021-04-28,"新闻.专栏.邮箱.移动客户端.新浪博客.我的收藏.我的新浪.我的微博.我的博客.我的邮箱.我的导航.退出.×.换个账号登录.×.立即注册.新浪网.中国青年报.缩小字体.放大字体.腾讯QQ.QQ空间.团委.学生会.党史.山东大学.权利保护声明页/NoticetoRightHolders.我要反馈.1.4.表情.用户6589760619.退出.发布.刷新.月夜小同学.举报.回复.刷新.月夜小同学.举报.回复.查看全部.相关新闻
.投资热点尽在新浪财经APP>.饭圈阴谋：没钱别提爱，白嫖不算粉.环时锐评:鸿蒙OS2面世整个中国必须打赢的共同战斗.广州新增15+5！4人打第一针疫苗后被感染.大象连夜进入昆明昆明市临近区域全面启动布防.云南野象群为何一路北上？人类干预如何才能奏效？专家解读.饭圈阴谋：没钱别提爱，白嫖不算粉.环时锐评:鸿蒙OS2面世整个中国必须打赢的共同战斗.广州新增15+5！4人打第一针疫苗后被感染.大象连夜进入昆明昆明市临近区域全面启动布防.云南野象群为何一路北上？人类干预如何才能奏效？专家解读.台媒：旅客持阳性证明飞厦门，台航空公司竟放行，同机2人确....长沙一律所因收费过低被警告处分：最低应收41万却仅收五千.重庆35岁教师救溺水儿童遇难朋友：他读大学时就救过落水的....德特里克堡和731部队的肮脏交易.环时锐评:鸿蒙OS2面世整个中国必须打赢的共同战斗.意大利单日新增6557例确诊病例，累计确诊破5万.韩媒曝全智贤与豪门丈夫离婚结婚九年育有两子.吴亦凡方起诉造谣者要求被告公开赔礼道歉.一天零一页｜孟美岐必须成熟的少女.ofo小黄车创始人戴威被限制消费....
					.
					.
					.
					.视频新闻.
					.
					.
					.
					.85花合影最现实！杨幂越混越好站C位.离开郭德纲的弟子过得怎样？.葡萄酒中的“Fynbos”是什么梗？.草莓芒果做成“透心凉”，清凉爽爆补充维C，成本超不过6块钱.一个实验完美诠释了孩子个性不同的原因.宝宝放屁臭、连环屁，这些屁里也藏着一些秘密.夏天吃肉不如吃瓜，拍一拍，拌一拌，清脆爽口，酸辣开胃，很好吃.
.
.
.
.
.新浪新闻意见反馈留言板.AboutSina.SINAEnglish.改版调查."
山东省援兵团人才培训项目兵团高层次专家国情研修班在山东大学正式开班,https://k.sina.com.cn/article_2620088113_9c2b5f31020013o8i.html,大众网,2021-05-11,"新闻.专栏.邮箱.移动客户端.新浪博客.我的收藏.我的新浪.我的微博.我的博客.我的邮箱.我的导航.退出.×.换个账号登录.×.立即注册.新浪网.缩小字体.放大字体.腾讯QQ.QQ空间.山东省.山东大学.对口支援.权利保护声明页/NoticetoRightHolders.我要反馈.0.0.表情.用户6589760619.退出.发布.刷新.刷新.更多精彩评论>>.相关新闻
.投资热点尽在新浪财经APP>.饭圈阴谋：没钱别提爱，白嫖不算粉.环时锐评:鸿蒙OS2面世整个中国必须打赢的共同战斗.广州新增15+5！4人打第一针疫苗后被感染.大象连夜进入昆明昆明市临近区域全面启动布防.云南野象群为何一路北上？人类干预如何才能奏效？专家解读.饭圈阴谋：没钱别提爱，白嫖不算粉.环时锐评:鸿蒙OS2面世整个中国必须打赢的共同战斗.广州新增15+5！4人打第一针疫苗后被感染.大象连夜进入昆明昆明市临近区域全面启动布防.云南野象群为何一路北上？人类干预如何才能奏效？专家解读.台媒：旅客持阳性证明飞厦门，台航空公司竟放行，同机2人确....长沙一律所因收费过低被警告处分：最低应收41万却仅收五千.重庆35岁教师救溺水儿童遇难朋友：他读大学时就救过落水的....德特里克堡和731部队的肮脏交易.环时锐评:鸿蒙OS2面世整个中国必须打赢的共同战斗.意大利单日新增6557例确诊病例，累计确诊破5万.韩媒曝全智贤与豪门丈夫离婚结婚九年育有两子.吴亦凡方起诉造谣者要求被告公开赔礼道歉.一天零一页｜孟美岐必须成熟的少女.ofo小黄车创始人戴威被限制消费....
					.
					.
					.
					.视频新闻.
					.
					.
					.
					.85花合影最现实！杨幂越混越好站C位.离开郭德纲的弟子过得怎样？.葡萄酒中的“Fynbos”是什么梗？.草莓芒果做成“透心凉”，清凉爽爆补充维C，成本超不过6块钱.一个实验完美诠释了孩子个性不同的原因.宝宝放屁臭、连环屁，这些屁里也藏着一些秘密.夏天吃肉不如吃瓜，拍一拍，拌一拌，清脆爽口，酸辣开胃，很好吃.
.
.
.
.
.新浪新闻意见反馈留言板.AboutSina.SINAEnglish.改版调查."
山东大学生买到盗版书维权后反被永久封号？淘宝：是系统判定,https://k.sina.com.cn/article_5044281310_12ca99fde02001kf1x.html,澎湃新闻,2021-05-12,"新闻.专栏.邮箱.移动客户端.新浪博客.我的收藏.我的新浪.我的微博.我的博客.我的邮箱.我的导航.退出.×.换个账号登录.×.立即注册.新浪网.缩小字体.放大字体.腾讯QQ.QQ空间.维权.淘宝.权利保护声明页/NoticetoRightHolders.我要反馈.0.0.表情.用户6589760619.退出.发布.刷新.刷新.更多精彩评论>>.相关新闻
.投资热点尽在新浪财经APP>.饭圈阴谋：没钱别提爱，白嫖不算粉.环时锐评:鸿蒙OS2面世整个中国必须打赢的共同战斗.广州新增15+5！4人打第一针疫苗后被感染.大象连夜进入昆明昆明市临近区域全面启动布防.云南野象群为何一路北上？人类干预如何才能奏效？专家解读.饭圈阴谋：没钱别提爱，白嫖不算粉.环时锐评:鸿蒙OS2面世整个中国必须打赢的共同战斗.广州新增15+5！4人打第一针疫苗后被感染.大象连夜进入昆明昆明市临近区域全面启动布防.云南野象群为何一路北上？人类干预如何才能奏效？专家解读.台媒：旅客持阳性证明飞厦门，台航空公司竟放行，同机2人确....长沙一律所因收费过低被警告处分：最低应收41万却仅收五千.重庆35岁教师救溺水儿童遇难朋友：他读大学时就救过落水的....德特里克堡和731部队的肮脏交易.环时锐评:鸿蒙OS2面世整个中国必须打赢的共同战斗.意大利单日新增6557例确诊病例，累计确诊破5万.韩媒曝全智贤与豪门丈夫离婚结婚九年育有两子.吴亦凡方起诉造谣者要求被告公开赔礼道歉.一天零一页｜孟美岐必须成熟的少女.ofo小黄车创始人戴威被限制消费....
					.
					.
					.
					.视频新闻.
					.
					.
					.
					.85花合影最现实！杨幂越混越好站C位.离开郭德纲的弟子过得怎样？.葡萄酒中的“Fynbos”是什么梗？.草莓芒果做成“透心凉”，清凉爽爆补充维C，成本超不过6块钱.一个实验完美诠释了孩子个性不同的原因.宝宝放屁臭、连环屁，这些屁里也藏着一些秘密.夏天吃肉不如吃瓜，拍一拍，拌一拌，清脆爽口，酸辣开胃，很好吃.
.
.
.
.
.新浪新闻意见反馈留言板.AboutSina.SINAEnglish.改版调查."
山东大学齐鲁医院（青岛）院长焉传祝领衔疑难罕见病中心 诊疗技术达国内先进水平,https://k.sina.com.cn/article_1668589317_6374a70501900tu4h.html,半岛都市报,2021-04-23,"新闻.专栏.邮箱.移动客户端.新浪博客.我的收藏.我的新浪.我的微博.我的博客.我的邮箱.我的导航.退出.×.换个账号登录.×.立即注册.新浪网.半岛都市报.缩小字体.放大字体.腾讯QQ.QQ空间.山东大学齐鲁医院.青岛.权利保护声明页/NoticetoRightHolders.我要反馈.1.1.表情.用户6589760619.退出.发布.刷新.手套_um.举报.回复.刷新.手套_um.举报.回复.查看全部.相关新闻
.投资热点尽在新浪财经APP>.饭圈阴谋：没钱别提爱，白嫖不算粉.环时锐评:鸿蒙OS2面世整个中国必须打赢的共同战斗.广州新增15+5！4人打第一针疫苗后被感染.大象连夜进入昆明昆明市临近区域全面启动布防.云南野象群为何一路北上？人类干预如何才能奏效？专家解读.饭圈阴谋：没钱别提爱，白嫖不算粉.环时锐评:鸿蒙OS2面世整个中国必须打赢的共同战斗.广州新增15+5！4人打第一针疫苗后被感染.大象连夜进入昆明昆明市临近区域全面启动布防.云南野象群为何一路北上？人类干预如何才能奏效？专家解读.台媒：旅客持阳性证明飞厦门，台航空公司竟放行，同机2人确....长沙一律所因收费过低被警告处分：最低应收41万却仅收五千.重庆35岁教师救溺水儿童遇难朋友：他读大学时就救过落水的....德特里克堡和731部队的肮脏交易.环时锐评:鸿蒙OS2面世整个中国必须打赢的共同战斗.意大利单日新增6557例确诊病例，累计确诊破5万.韩媒曝全智贤与豪门丈夫离婚结婚九年育有两子.吴亦凡方起诉造谣者要求被告公开赔礼道歉.一天零一页｜孟美岐必须成熟的少女.ofo小黄车创始人戴威被限制消费....
					.
					.
					.
					.视频新闻.
					.
					.
					.
					.85花合影最现实！杨幂越混越好站C位.离开郭德纲的弟子过得怎样？.葡萄酒中的“Fynbos”是什么梗？.草莓芒果做成“透心凉”，清凉爽爆补充维C，成本超不过6块钱.一个实验完美诠释了孩子个性不同的原因.宝宝放屁臭、连环屁，这些屁里也藏着一些秘密.夏天吃肉不如吃瓜，拍一拍，拌一拌，清脆爽口，酸辣开胃，很好吃.
.
.
.
.
.新浪新闻意见反馈留言板.AboutSina.SINAEnglish.改版调查."
实习生当“主角”山东大学齐鲁医院（青岛）上演康复医学“科普秀”,https://k.sina.com.cn/article_2620088113_9c2b5f31020012uiw.html,大众网,2021-03-28,"新闻.专栏.邮箱.移动客户端.新浪博客.我的收藏.我的新浪.我的微博.我的博客.我的邮箱.我的导航.退出.×.换个账号登录.×.立即注册.新浪网.缩小字体.放大字体.腾讯QQ.QQ空间.齐鲁.医学.山东大学.医院.康复.权利保护声明页/NoticetoRightHolders.我要反馈.0.0.表情.用户6589760619.退出.发布.刷新.刷新.更多精彩评论>>.相关新闻
.投资热点尽在新浪财经APP>.饭圈阴谋：没钱别提爱，白嫖不算粉.环时锐评:鸿蒙OS2面世整个中国必须打赢的共同战斗.广州新增15+5！4人打第一针疫苗后被感染.大象连夜进入昆明昆明市临近区域全面启动布防.云南野象群为何一路北上？人类干预如何才能奏效？专家解读.饭圈阴谋：没钱别提爱，白嫖不算粉.环时锐评:鸿蒙OS2面世整个中国必须打赢的共同战斗.广州新增15+5！4人打第一针疫苗后被感染.大象连夜进入昆明昆明市临近区域全面启动布防.云南野象群为何一路北上？人类干预如何才能奏效？专家解读.台媒：旅客持阳性证明飞厦门，台航空公司竟放行，同机2人确....长沙一律所因收费过低被警告处分：最低应收41万却仅收五千.重庆35岁教师救溺水儿童遇难朋友：他读大学时就救过落水的....德特里克堡和731部队的肮脏交易.环时锐评:鸿蒙OS2面世整个中国必须打赢的共同战斗.意大利单日新增6557例确诊病例，累计确诊破5万.韩媒曝全智贤与豪门丈夫离婚结婚九年育有两子.吴亦凡方起诉造谣者要求被告公开赔礼道歉.一天零一页｜孟美岐必须成熟的少女.ofo小黄车创始人戴威被限制消费....
					.
					.
					.
					.视频新闻.
					.
					.
					.
					.85花合影最现实！杨幂越混越好站C位.离开郭德纲的弟子过得怎样？.葡萄酒中的“Fynbos”是什么梗？.草莓芒果做成“透心凉”，清凉爽爆补充维C，成本超不过6块钱.一个实验完美诠释了孩子个性不同的原因.宝宝放屁臭、连环屁，这些屁里也藏着一些秘密.夏天吃肉不如吃瓜，拍一拍，拌一拌，清脆爽口，酸辣开胃，很好吃.
.
.
.
.
.新浪新闻意见反馈留言板.AboutSina.SINAEnglish.改版调查."
山东大学口腔医院积极开展新冠疫苗接种工作,https://k.sina.com.cn/article_2011075080_77de920802000yu0i.html,齐鲁晚报,2021-04-04,"新闻.专栏.邮箱.移动客户端.新浪博客.我的收藏.我的新浪.我的微博.我的博客.我的邮箱.我的导航.退出.×.换个账号登录.×.立即注册.新浪网.缩小字体.放大字体.腾讯QQ.QQ空间.新冠疫苗.新冠肺炎.权利保护声明页/NoticetoRightHolders.我要反馈.0.0.表情.用户6589760619.退出.发布.刷新.刷新.更多精彩评论>>.相关新闻
.投资热点尽在新浪财经APP>.饭圈阴谋：没钱别提爱，白嫖不算粉.环时锐评:鸿蒙OS2面世整个中国必须打赢的共同战斗.广州新增15+5！4人打第一针疫苗后被感染.大象连夜进入昆明昆明市临近区域全面启动布防.云南野象群为何一路北上？人类干预如何才能奏效？专家解读.饭圈阴谋：没钱别提爱，白嫖不算粉.环时锐评:鸿蒙OS2面世整个中国必须打赢的共同战斗.广州新增15+5！4人打第一针疫苗后被感染.大象连夜进入昆明昆明市临近区域全面启动布防.云南野象群为何一路北上？人类干预如何才能奏效？专家解读.台媒：旅客持阳性证明飞厦门，台航空公司竟放行，同机2人确....长沙一律所因收费过低被警告处分：最低应收41万却仅收五千.重庆35岁教师救溺水儿童遇难朋友：他读大学时就救过落水的....德特里克堡和731部队的肮脏交易.环时锐评:鸿蒙OS2面世整个中国必须打赢的共同战斗.意大利单日新增6557例确诊病例，累计确诊破5万.韩媒曝全智贤与豪门丈夫离婚结婚九年育有两子.吴亦凡方起诉造谣者要求被告公开赔礼道歉.一天零一页｜孟美岐必须成熟的少女.ofo小黄车创始人戴威被限制消费....
					.
					.
					.
					.视频新闻.
					.
					.
					.
					.85花合影最现实！杨幂越混越好站C位.离开郭德纲的弟子过得怎样？.葡萄酒中的“Fynbos”是什么梗？.草莓芒果做成“透心凉”，清凉爽爆补充维C，成本超不过6块钱.一个实验完美诠释了孩子个性不同的原因.宝宝放屁臭、连环屁，这些屁里也藏着一些秘密.夏天吃肉不如吃瓜，拍一拍，拌一拌，清脆爽口，酸辣开胃，很好吃.
.
.
.
.
.新浪新闻意见反馈留言板.AboutSina.SINAEnglish.改版调查."
山东大学位列全国高校第四！2020年度“双万计划”最新统计数据出炉,https://k.sina.com.cn/article_2620088113_9c2b5f31020012lzz.html,大众网,2021-03-19,"新闻.专栏.邮箱.移动客户端.新浪博客.我的收藏.我的新浪.我的微博.我的博客.我的邮箱.我的导航.退出.×.换个账号登录.×.立即注册.新浪网.缩小字体.放大字体.腾讯QQ.QQ空间.山东大学.本科.本科专业.双万计划.全国高校.权利保护声明页/NoticetoRightHolders.我要反馈.0.0.表情.用户6589760619.退出.发布.刷新.刷新.更多精彩评论>>.相关新闻
.投资热点尽在新浪财经APP>.饭圈阴谋：没钱别提爱，白嫖不算粉.环时锐评:鸿蒙OS2面世整个中国必须打赢的共同战斗.广州新增15+5！4人打第一针疫苗后被感染.大象连夜进入昆明昆明市临近区域全面启动布防.云南野象群为何一路北上？人类干预如何才能奏效？专家解读.饭圈阴谋：没钱别提爱，白嫖不算粉.环时锐评:鸿蒙OS2面世整个中国必须打赢的共同战斗.广州新增15+5！4人打第一针疫苗后被感染.大象连夜进入昆明昆明市临近区域全面启动布防.云南野象群为何一路北上？人类干预如何才能奏效？专家解读.台媒：旅客持阳性证明飞厦门，台航空公司竟放行，同机2人确....长沙一律所因收费过低被警告处分：最低应收41万却仅收五千.重庆35岁教师救溺水儿童遇难朋友：他读大学时就救过落水的....德特里克堡和731部队的肮脏交易.环时锐评:鸿蒙OS2面世整个中国必须打赢的共同战斗.意大利单日新增6557例确诊病例，累计确诊破5万.韩媒曝全智贤与豪门丈夫离婚结婚九年育有两子.吴亦凡方起诉造谣者要求被告公开赔礼道歉.一天零一页｜孟美岐必须成熟的少女.ofo小黄车创始人戴威被限制消费....
					.
					.
					.
					.视频新闻.
					.
					.
					.
					.85花合影最现实！杨幂越混越好站C位.离开郭德纲的弟子过得怎样？.葡萄酒中的“Fynbos”是什么梗？.草莓芒果做成“透心凉”，清凉爽爆补充维C，成本超不过6块钱.一个实验完美诠释了孩子个性不同的原因.宝宝放屁臭、连环屁，这些屁里也藏着一些秘密.夏天吃肉不如吃瓜，拍一拍，拌一拌，清脆爽口，酸辣开胃，很好吃.
.
.
.
.
.新浪新闻意见反馈留言板.AboutSina.SINAEnglish.改版调查."
日照市妇幼保健院“携手”山东大学附属生殖医院 举办技术协作签约仪式,https://k.sina.com.cn/article_2620088113_9c2b5f31020010lsp.html,大众网,2020-12-26,"新闻.专栏.邮箱.移动客户端.新浪博客.我的收藏.我的新浪.我的微博.我的博客.我的邮箱.我的导航.退出.×.换个账号登录.×.立即注册.新浪网.缩小字体.放大字体.腾讯QQ.QQ空间.日照.日照市.权利保护声明页/NoticetoRightHolders.我要反馈.0.0.表情.用户6589760619.退出.发布.刷新.刷新.更多精彩评论>>.相关新闻
.投资热点尽在新浪财经APP>.饭圈阴谋：没钱别提爱，白嫖不算粉.环时锐评:鸿蒙OS2面世整个中国必须打赢的共同战斗.广州新增15+5！4人打第一针疫苗后被感染.大象连夜进入昆明昆明市临近区域全面启动布防.云南野象群为何一路北上？人类干预如何才能奏效？专家解读.饭圈阴谋：没钱别提爱，白嫖不算粉.环时锐评:鸿蒙OS2面世整个中国必须打赢的共同战斗.广州新增15+5！4人打第一针疫苗后被感染.大象连夜进入昆明昆明市临近区域全面启动布防.云南野象群为何一路北上？人类干预如何才能奏效？专家解读.台媒：旅客持阳性证明飞厦门，台航空公司竟放行，同机2人确....长沙一律所因收费过低被警告处分：最低应收41万却仅收五千.重庆35岁教师救溺水儿童遇难朋友：他读大学时就救过落水的....德特里克堡和731部队的肮脏交易.环时锐评:鸿蒙OS2面世整个中国必须打赢的共同战斗.意大利单日新增6557例确诊病例，累计确诊破5万.韩媒曝全智贤与豪门丈夫离婚结婚九年育有两子.吴亦凡方起诉造谣者要求被告公开赔礼道歉.一天零一页｜孟美岐必须成熟的少女.ofo小黄车创始人戴威被限制消费....
					.
					.
					.
					.视频新闻.
					.
					.
					.
					.85花合影最现实！杨幂越混越好站C位.离开郭德纲的弟子过得怎样？.葡萄酒中的“Fynbos”是什么梗？.草莓芒果做成“透心凉”，清凉爽爆补充维C，成本超不过6块钱.一个实验完美诠释了孩子个性不同的原因.宝宝放屁臭、连环屁，这些屁里也藏着一些秘密.夏天吃肉不如吃瓜，拍一拍，拌一拌，清脆爽口，酸辣开胃，很好吃.
.
.
.
.
.新浪新闻意见反馈留言板.AboutSina.SINAEnglish.改版调查."
山东大学彭实戈获未来科学大奖 系山大第四人获奖,https://k.sina.com.cn/article_2810373291_a782e4ab02001tfup.html,新华网,2020-09-07,"新闻.专栏.邮箱.移动客户端.新浪博客.我的收藏.我的新浪.我的微博.我的博客.我的邮箱.我的导航.退出.×.换个账号登录.×.立即注册.新浪网.新华网.缩小字体.放大字体.腾讯QQ.QQ空间.数学.山东大学.彭实戈.权利保护声明页/NoticetoRightHolders.我要反馈.2.2.表情.用户6589760619.退出.发布.刷新.WWWWW雨之.举报.回复.WWWWW雨之.举报.回复.刷新.WWWWW雨之.举报.回复.WWWWW雨之.举报.回复.查看全部.相关新闻
.投资热点尽在新浪财经APP>.饭圈阴谋：没钱别提爱，白嫖不算粉.环时锐评:鸿蒙OS2面世整个中国必须打赢的共同战斗.广州新增15+5！4人打第一针疫苗后被感染.大象连夜进入昆明昆明市临近区域全面启动布防.云南野象群为何一路北上？人类干预如何才能奏效？专家解读.饭圈阴谋：没钱别提爱，白嫖不算粉.环时锐评:鸿蒙OS2面世整个中国必须打赢的共同战斗.广州新增15+5！4人打第一针疫苗后被感染.大象连夜进入昆明昆明市临近区域全面启动布防.云南野象群为何一路北上？人类干预如何才能奏效？专家解读.台媒：旅客持阳性证明飞厦门，台航空公司竟放行，同机2人确....长沙一律所因收费过低被警告处分：最低应收41万却仅收五千.重庆35岁教师救溺水儿童遇难朋友：他读大学时就救过落水的....德特里克堡和731部队的肮脏交易.环时锐评:鸿蒙OS2面世整个中国必须打赢的共同战斗.意大利单日新增6557例确诊病例，累计确诊破5万.韩媒曝全智贤与豪门丈夫离婚结婚九年育有两子.吴亦凡方起诉造谣者要求被告公开赔礼道歉.一天零一页｜孟美岐必须成熟的少女.ofo小黄车创始人戴威被限制消费....
					.
					.
					.
					.视频新闻.
					.
					.
					.
					.85花合影最现实！杨幂越混越好站C位.离开郭德纲的弟子过得怎样？.葡萄酒中的“Fynbos”是什么梗？.草莓芒果做成“透心凉”，清凉爽爆补充维C，成本超不过6块钱.一个实验完美诠释了孩子个性不同的原因.宝宝放屁臭、连环屁，这些屁里也藏着一些秘密.夏天吃肉不如吃瓜，拍一拍，拌一拌，清脆爽口，酸辣开胃，很好吃.
.
.
.
.
.新浪新闻意见反馈留言板.AboutSina.SINAEnglish.改版调查."
国立山东大学内迁往事,https://k.sina.com.cn/article_5044281310_12ca99fde02001d2ja.html,澎湃新闻,2020-08-23,"新闻.专栏.邮箱.移动客户端.新浪博客.我的收藏.我的新浪.我的微博.我的博客.我的邮箱.我的导航.退出.×.换个账号登录.×.立即注册.新浪网.缩小字体.放大字体.腾讯QQ.QQ空间.浙江.山东大学.林济青.山大.安庆.权利保护声明页/NoticetoRightHolders.我要反馈.0.0.表情.用户6589760619.退出.发布.刷新.刷新.更多精彩评论>>.相关新闻
.投资热点尽在新浪财经APP>.饭圈阴谋：没钱别提爱，白嫖不算粉.环时锐评:鸿蒙OS2面世整个中国必须打赢的共同战斗.广州新增15+5！4人打第一针疫苗后被感染.大象连夜进入昆明昆明市临近区域全面启动布防.云南野象群为何一路北上？人类干预如何才能奏效？专家解读.饭圈阴谋：没钱别提爱，白嫖不算粉.环时锐评:鸿蒙OS2面世整个中国必须打赢的共同战斗.广州新增15+5！4人打第一针疫苗后被感染.大象连夜进入昆明昆明市临近区域全面启动布防.云南野象群为何一路北上？人类干预如何才能奏效？专家解读.台媒：旅客持阳性证明飞厦门，台航空公司竟放行，同机2人确....长沙一律所因收费过低被警告处分：最低应收41万却仅收五千.重庆35岁教师救溺水儿童遇难朋友：他读大学时就救过落水的....德特里克堡和731部队的肮脏交易.环时锐评:鸿蒙OS2面世整个中国必须打赢的共同战斗.意大利单日新增6557例确诊病例，累计确诊破5万.韩媒曝全智贤与豪门丈夫离婚结婚九年育有两子.吴亦凡方起诉造谣者要求被告公开赔礼道歉.一天零一页｜孟美岐必须成熟的少女.ofo小黄车创始人戴威被限制消费....
					.
					.
					.
					.视频新闻.
					.
					.
					.
					.85花合影最现实！杨幂越混越好站C位.离开郭德纲的弟子过得怎样？.葡萄酒中的“Fynbos”是什么梗？.草莓芒果做成“透心凉”，清凉爽爆补充维C，成本超不过6块钱.一个实验完美诠释了孩子个性不同的原因.宝宝放屁臭、连环屁，这些屁里也藏着一些秘密.夏天吃肉不如吃瓜，拍一拍，拌一拌，清脆爽口，酸辣开胃，很好吃.
.
.
.
.
.新浪新闻意见反馈留言板.AboutSina.SINAEnglish.改版调查."
山东大学：累计停招40个专业，新增10个紧跟国家战略需求的新专业,https://k.sina.com.cn/article_1655444627_62ac149302001h8bp.html,潇湘晨报,2020-07-21,"新闻.专栏.邮箱.移动客户端.新浪博客.我的收藏.×.换个账号登录.×.立即注册.新浪网.潇湘晨报.缩小字体.放大字体.腾讯QQ.QQ空间.河北.山东大学.权利保护声明页/NoticetoRightHolders.我要反馈.0.0.表情.用户6589760619.退出.发布.刷新.刷新.更多精彩评论>>.相关新闻
.投资热点尽在新浪财经APP>.饭圈阴谋：没钱别提爱，白嫖不算粉.环时锐评:鸿蒙OS2面世整个中国必须打赢的共同战斗.广州新增15+5！4人打第一针疫苗后被感染.大象连夜进入昆明昆明市临近区域全面启动布防.云南野象群为何一路北上？人类干预如何才能奏效？专家解读.饭圈阴谋：没钱别提爱，白嫖不算粉.环时锐评:鸿蒙OS2面世整个中国必须打赢的共同战斗.广州新增15+5！4人打第一针疫苗后被感染.大象连夜进入昆明昆明市临近区域全面启动布防.云南野象群为何一路北上？人类干预如何才能奏效？专家解读.台媒：旅客持阳性证明飞厦门，台航空公司竟放行，同机2人确....长沙一律所因收费过低被警告处分：最低应收41万却仅收五千.重庆35岁教师救溺水儿童遇难朋友：他读大学时就救过落水的....德特里克堡和731部队的肮脏交易.环时锐评:鸿蒙OS2面世整个中国必须打赢的共同战斗.意大利单日新增6557例确诊病例，累计确诊破5万.韩媒曝全智贤与豪门丈夫离婚结婚九年育有两子.吴亦凡方起诉造谣者要求被告公开赔礼道歉.一天零一页｜孟美岐必须成熟的少女.ofo小黄车创始人戴威被限制消费....
					.
					.
					.
					.视频新闻.
					.
					.
					.
					.85花合影最现实！杨幂越混越好站C位.离开郭德纲的弟子过得怎样？.葡萄酒中的“Fynbos”是什么梗？.草莓芒果做成“透心凉”，清凉爽爆补充维C，成本超不过6块钱.一个实验完美诠释了孩子个性不同的原因.宝宝放屁臭、连环屁，这些屁里也藏着一些秘密.夏天吃肉不如吃瓜，拍一拍，拌一拌，清脆爽口，酸辣开胃，很好吃.
.
.
.
.
.新浪新闻意见反馈留言板.AboutSina.SINAEnglish.改版调查."
山东大学本科招生办公室副主任徐延宝：已调整专业分配原则、校内转专业成功率高,https://k.sina.com.cn/article_1686546714_6486a91a02001463x.html,环球网,2020-06-28,"新闻.专栏.邮箱.移动客户端.新浪博客.我的收藏.×.换个账号登录.×.立即注册.新浪网.环球网.缩小字体.放大字体.腾讯QQ.QQ空间.山东大学.医学.本科.权利保护声明页/NoticetoRightHolders.我要反馈.2.2.表情.用户6589760619.退出.发布.刷新.用户6407265223.举报.回复.花样年华_fc.举报.回复.刷新.用户6407265223.举报.回复.花样年华_fc.举报.回复.查看全部.相关新闻
.投资热点尽在新浪财经APP>.饭圈阴谋：没钱别提爱，白嫖不算粉.环时锐评:鸿蒙OS2面世整个中国必须打赢的共同战斗.广州新增15+5！4人打第一针疫苗后被感染.大象连夜进入昆明昆明市临近区域全面启动布防.云南野象群为何一路北上？人类干预如何才能奏效？专家解读.饭圈阴谋：没钱别提爱，白嫖不算粉.环时锐评:鸿蒙OS2面世整个中国必须打赢的共同战斗.广州新增15+5！4人打第一针疫苗后被感染.大象连夜进入昆明昆明市临近区域全面启动布防.云南野象群为何一路北上？人类干预如何才能奏效？专家解读.台媒：旅客持阳性证明飞厦门，台航空公司竟放行，同机2人确....长沙一律所因收费过低被警告处分：最低应收41万却仅收五千.重庆35岁教师救溺水儿童遇难朋友：他读大学时就救过落水的....德特里克堡和731部队的肮脏交易.环时锐评:鸿蒙OS2面世整个中国必须打赢的共同战斗.意大利单日新增6557例确诊病例，累计确诊破5万.韩媒曝全智贤与豪门丈夫离婚结婚九年育有两子.吴亦凡方起诉造谣者要求被告公开赔礼道歉.一天零一页｜孟美岐必须成熟的少女.ofo小黄车创始人戴威被限制消费....
					.
					.
					.
					.视频新闻.
					.
					.
					.
					.85花合影最现实！杨幂越混越好站C位.离开郭德纲的弟子过得怎样？.葡萄酒中的“Fynbos”是什么梗？.草莓芒果做成“透心凉”，清凉爽爆补充维C，成本超不过6块钱.一个实验完美诠释了孩子个性不同的原因.宝宝放屁臭、连环屁，这些屁里也藏着一些秘密.夏天吃肉不如吃瓜，拍一拍，拌一拌，清脆爽口，酸辣开胃，很好吃.
.
.
.
.
.新浪新闻意见反馈留言板.AboutSina.SINAEnglish.改版调查."
预告：24日，山东大学、天津大学将做客贵州都市报抖音直播间,https://k.sina.com.cn/article_1973634817_75a3470101900upxi.html,贵州都市报,2020-06-23,"新闻.专栏.邮箱.移动客户端.新浪博客.我的收藏.×.换个账号登录.×.立即注册.新浪网.贵州都市报.缩小字体.放大字体.腾讯QQ.QQ空间.天津大学.山东大学.新冠肺炎.权利保护声明页/NoticetoRightHolders.我要反馈.2.2.表情.用户6589760619.退出.发布.刷新.烈斯达_ip.举报.回复.时光--穿梭机.举报.回复.刷新.烈斯达_ip.举报.回复.时光--穿梭机.举报.回复.查看全部.相关新闻
.投资热点尽在新浪财经APP>.饭圈阴谋：没钱别提爱，白嫖不算粉.环时锐评:鸿蒙OS2面世整个中国必须打赢的共同战斗.广州新增15+5！4人打第一针疫苗后被感染.大象连夜进入昆明昆明市临近区域全面启动布防.云南野象群为何一路北上？人类干预如何才能奏效？专家解读.饭圈阴谋：没钱别提爱，白嫖不算粉.环时锐评:鸿蒙OS2面世整个中国必须打赢的共同战斗.广州新增15+5！4人打第一针疫苗后被感染.大象连夜进入昆明昆明市临近区域全面启动布防.云南野象群为何一路北上？人类干预如何才能奏效？专家解读.台媒：旅客持阳性证明飞厦门，台航空公司竟放行，同机2人确....长沙一律所因收费过低被警告处分：最低应收41万却仅收五千.重庆35岁教师救溺水儿童遇难朋友：他读大学时就救过落水的....德特里克堡和731部队的肮脏交易.环时锐评:鸿蒙OS2面世整个中国必须打赢的共同战斗.意大利单日新增6557例确诊病例，累计确诊破5万.韩媒曝全智贤与豪门丈夫离婚结婚九年育有两子.吴亦凡方起诉造谣者要求被告公开赔礼道歉.一天零一页｜孟美岐必须成熟的少女.ofo小黄车创始人戴威被限制消费....
					.
					.
					.
					.视频新闻.
					.
					.
					.
					.85花合影最现实！杨幂越混越好站C位.离开郭德纲的弟子过得怎样？.葡萄酒中的“Fynbos”是什么梗？.草莓芒果做成“透心凉”，清凉爽爆补充维C，成本超不过6块钱.一个实验完美诠释了孩子个性不同的原因.宝宝放屁臭、连环屁，这些屁里也藏着一些秘密.夏天吃肉不如吃瓜，拍一拍，拌一拌，清脆爽口，酸辣开胃，很好吃.
.
.
.
.
.新浪新闻意见反馈留言板.AboutSina.SINAEnglish.改版调查."
山东大学生用上5G指日可待 19所高校已开始基站进场施工,https://k.sina.com.cn/article_1655444627_62ac149302001dqn1.html,潇湘晨报,2020-06-30,"新闻.专栏.邮箱.移动客户端.新浪博客.我的收藏.×.换个账号登录.×.立即注册.新浪网.潇湘晨报.缩小字体.放大字体.腾讯QQ.QQ空间.山东.山东省.通知.新冠肺炎.权利保护声明页/NoticetoRightHolders.我要反馈.2.2.表情.用户6589760619.退出.发布.刷新.苏醒_sm.举报.回复.高高手_sf.举报.回复.刷新.苏醒_sm.举报.回复.高高手_sf.举报.回复.查看全部.相关新闻
.投资热点尽在新浪财经APP>.饭圈阴谋：没钱别提爱，白嫖不算粉.环时锐评:鸿蒙OS2面世整个中国必须打赢的共同战斗.广州新增15+5！4人打第一针疫苗后被感染.大象连夜进入昆明昆明市临近区域全面启动布防.云南野象群为何一路北上？人类干预如何才能奏效？专家解读.饭圈阴谋：没钱别提爱，白嫖不算粉.环时锐评:鸿蒙OS2面世整个中国必须打赢的共同战斗.广州新增15+5！4人打第一针疫苗后被感染.大象连夜进入昆明昆明市临近区域全面启动布防.云南野象群为何一路北上？人类干预如何才能奏效？专家解读.台媒：旅客持阳性证明飞厦门，台航空公司竟放行，同机2人确....长沙一律所因收费过低被警告处分：最低应收41万却仅收五千.重庆35岁教师救溺水儿童遇难朋友：他读大学时就救过落水的....德特里克堡和731部队的肮脏交易.环时锐评:鸿蒙OS2面世整个中国必须打赢的共同战斗.意大利单日新增6557例确诊病例，累计确诊破5万.韩媒曝全智贤与豪门丈夫离婚结婚九年育有两子.吴亦凡方起诉造谣者要求被告公开赔礼道歉.一天零一页｜孟美岐必须成熟的少女.ofo小黄车创始人戴威被限制消费....
					.
					.
					.
					.视频新闻.
					.
					.
					.
					.85花合影最现实！杨幂越混越好站C位.离开郭德纲的弟子过得怎样？.葡萄酒中的“Fynbos”是什么梗？.草莓芒果做成“透心凉”，清凉爽爆补充维C，成本超不过6块钱.一个实验完美诠释了孩子个性不同的原因.宝宝放屁臭、连环屁，这些屁里也藏着一些秘密.夏天吃肉不如吃瓜，拍一拍，拌一拌，清脆爽口，酸辣开胃，很好吃.
.
.
.
.
.新浪新闻意见反馈留言板.AboutSina.SINAEnglish.改版调查."
“壹点云高招”将启动，山东大学等10所高校招办负责人互动答疑,https://k.sina.com.cn/article_2011075080_77de920802000qr25.html,齐鲁晚报,2020-06-08,"新闻.专栏.邮箱.移动客户端.新浪博客.我的收藏.×.换个账号登录.×.立即注册.新浪网.缩小字体.放大字体.腾讯QQ.QQ空间.山东大学.本科.权利保护声明页/NoticetoRightHolders.我要反馈.0.0.表情.用户6589760619.退出.发布.刷新.刷新.更多精彩评论>>.相关新闻
.投资热点尽在新浪财经APP>.饭圈阴谋：没钱别提爱，白嫖不算粉.环时锐评:鸿蒙OS2面世整个中国必须打赢的共同战斗.广州新增15+5！4人打第一针疫苗后被感染.大象连夜进入昆明昆明市临近区域全面启动布防.云南野象群为何一路北上？人类干预如何才能奏效？专家解读.饭圈阴谋：没钱别提爱，白嫖不算粉.环时锐评:鸿蒙OS2面世整个中国必须打赢的共同战斗.广州新增15+5！4人打第一针疫苗后被感染.大象连夜进入昆明昆明市临近区域全面启动布防.云南野象群为何一路北上？人类干预如何才能奏效？专家解读.台媒：旅客持阳性证明飞厦门，台航空公司竟放行，同机2人确....长沙一律所因收费过低被警告处分：最低应收41万却仅收五千.重庆35岁教师救溺水儿童遇难朋友：他读大学时就救过落水的....德特里克堡和731部队的肮脏交易.环时锐评:鸿蒙OS2面世整个中国必须打赢的共同战斗.意大利单日新增6557例确诊病例，累计确诊破5万.韩媒曝全智贤与豪门丈夫离婚结婚九年育有两子.吴亦凡方起诉造谣者要求被告公开赔礼道歉.一天零一页｜孟美岐必须成熟的少女.ofo小黄车创始人戴威被限制消费....
					.
					.
					.
					.视频新闻.
					.
					.
					.
					.85花合影最现实！杨幂越混越好站C位.离开郭德纲的弟子过得怎样？.葡萄酒中的“Fynbos”是什么梗？.草莓芒果做成“透心凉”，清凉爽爆补充维C，成本超不过6块钱.一个实验完美诠释了孩子个性不同的原因.宝宝放屁臭、连环屁，这些屁里也藏着一些秘密.夏天吃肉不如吃瓜，拍一拍，拌一拌，清脆爽口，酸辣开胃，很好吃.
.
.
.
.
.新浪新闻意见反馈留言板.AboutSina.SINAEnglish.改版调查."
